{
  "n_episodes": 3716,
  "episode_length": 30,
  "max_vehicles": 50,
  "n_features": 10,
  "fps": 30.0,
  "dt": 0.03333333333333333,
  "use_extended_features": true,
  "use_acceleration": false,
  "lane_mapping": {
    "B5": 1,
    "crossroads1": 2,
    "A4": 3,
    "A5": 4,
    "B2": 5,
    "B3": 6,
    "A3": 7,
    "C4": 8,
    "C5": 9,
    "B4": 10,
    "B1": 11,
    "A2": 12,
    "A6": 13,
    "A1": 14,
    "C3": 15,
    "C2": 16,
    "C1": 17,
    "B7": 18,
    "B6": 19
  },
  "statistics": {
    "n_episodes": 3716,
    "total_timesteps": 111480,
    "mean_vehicles_per_frame": 41.91123962402344,
    "max_vehicles_observed": 50,
    "min_vehicles_observed": 14,
    "feature_means": [
      1895.343017578125,
      1031.98291015625,
      -20.017539978027344,
      0.027111759409308434,
      1.113690733909607,
      1.0199601650238037,
      10.212316513061523,
      0.736477255821228,
      0.7381794452667236,
      0.0
    ],
    "feature_stds": [
      899.713623046875,
      203.5065460205078,
      113.07897186279297,
      42.18525314331055,
      1.31992769241333,
      0.2189454734325409,
      5.440120697021484,
      0.43711864948272705,
      0.436289519071579,
      0.0
    ],
    "feature_mins": [
      4.2557268142700195,
      18.549474716186523,
      -61280.6328125,
      -2761.439208984375,
      0.0,
      0.0,
      1.0,
      0.0,
      0.0,
      0.0
    ],
    "feature_maxs": [
      3835.361572265625,
      1253.5821533203125,
      47256.625,
      25195.11328125,
      3.141592502593994,
      2.0,
      19.0,
      1.0,
      1.0,
      0.0
    ]
  }
}