{
  "n_episodes": 28115,
  "episode_length": 30,
  "max_vehicles": 50,
  "n_features": 10,
  "fps": 30.0,
  "dt": 0.03333333333333333,
  "use_extended_features": true,
  "use_acceleration": true,
  "lane_mapping": {
    "B5": 1,
    "crossroads1": 2,
    "A4": 3,
    "A5": 4,
    "B2": 5,
    "B3": 6,
    "A3": 7,
    "C4": 8,
    "C5": 9,
    "B4": 10,
    "B1": 11,
    "A2": 12,
    "A6": 13,
    "A1": 14,
    "C3": 15,
    "C2": 16,
    "C1": 17,
    "B7": 18,
    "B6": 19,
    "C6": 20,
    "safe": 21,
    "crossroads2": 22,
    "D1": 23,
    "E2": 24,
    "D2": 25,
    "D3": 26,
    "D4": 27,
    "D5": 28,
    "D6": 29,
    "E5": 30,
    "E4": 31,
    "E6": 32,
    "F4": 33,
    "F1": 34,
    "F5": 35,
    "E1": 36,
    "E3": 37,
    "F2": 38,
    "F3": 39,
    "A7": 40,
    "G7": 41,
    "G8": 42,
    "G9": 43,
    "J3": 44,
    "J2": 45,
    "G5": 46,
    "G6": 47,
    "F6": 48,
    "G4": 49,
    "G3": 50,
    "J4": 51,
    "G2": 52,
    "G10": 53,
    "G1": 54,
    "J6": 55,
    "H2": 56,
    "H1": 57,
    "I4": 58,
    "H3": 59,
    "J7": 60,
    "J1": 61,
    "J5": 62,
    "I2": 63,
    "I1": 64,
    "I3": 65,
    "H4": 66,
    "crossroad1": 67,
    "M3": 68,
    "M2": 69,
    "M4": 70,
    "L4": 71,
    "L3": 72,
    "M5": 73,
    "K1": 74,
    "N1": 75,
    "N2": 76,
    "N4": 77,
    "N5": 78,
    "L5": 79,
    "M6": 80,
    "K2": 81,
    "K3": 82,
    "N3": 83,
    "M1": 84,
    "L2": 85,
    "L1": 86,
    "H5": 87,
    "N6": 88
  },
  "statistics": {
    "n_episodes": 28115,
    "total_timesteps": 843450,
    "mean_vehicles_per_frame": 38.637786865234375,
    "max_vehicles_observed": 50,
    "min_vehicles_observed": 1,
    "feature_means": [
      1931.48193359375,
      840.7459716796875,
      -12.92336368560791,
      1.8564058542251587,
      -0.5328959822654724,
      0.11364034563302994,
      1.4715306758880615,
      0.6255935430526733,
      20.075565338134766,
      0.514811635017395,
      0.514811635017395
    ],
    "feature_stds": [
      1039.9254150390625,
      331.04656982421875,
      138.0914764404297,
      37.437747955322266,
      3979.8505859375,
      1231.93359375,
      1.4287067651748657,
      0.44427186250686646,
      20.553373336791992,
      0.4476717710494995,
      0.42342033982276917
    ],
    "feature_mins": [
      4.2557268142700195,
      0.019767526537179947,
      -85330.78125,
      -32014.515625,
      -2556778.75,
      -960385.375,
      0.0,
      0.0,
      1.0,
      0.0,
      0.0
    ],
    "feature_maxs": [
      3835.8994140625,
      2156.783203125,
      69375.5390625,
      31469.875,
      2558075.75,
      957360.4375,
      3.141592502593994,
      2.0,
      88.0,
      1.0,
      1.0
    ]
  }
}