{
  "A": 17.74344687991672,
  "B": 19.799188507927788,
  "C": 17.84711159600152,
  "D": 19.74889585706923,
  "E": 19.088335037231445,
  "F": 21.657665040757923,
  "G": 20.254001829359268,
  "H": 18.79402870602078,
  "I": 16.029049131605362
}